{
  "method_id": "F1",
  "group": "F",
  "display_name": "no_frontier_channel",
  "status": "ok",
  "checkpoint_path": "C:\\Users\\Dk\\Desktop\\SCI\\DRL_PF\\checkpoint_store\\ablations\\F1_ablation_no_frontier_channel.pt",
  "config_snapshot_path": "C:\\Users\\Dk\\Desktop\\SCI\\DRL_PF\\experiment_records\\ablations\\F1_ablation_no_frontier_channel\\logs\\config_snapshot.json",
  "episodes": 100,
  "seed_base": 20261323,
  "checkpoint_metadata": {
    "env_steps": 500000,
    "learn_steps": 30750,
    "train_episode_idx": 1140
  },
  "method_loading": {
    "model_factory": "ExplorationQNetwork",
    "state_adapter_factory": "AblationStateTensorAdapter(zeroed_channels=['frontier_block_area_map'])"
  },
  "summary": {
    "episodes": 100,
    "metrics": {
      "reward": 154.37899780273438,
      "coverage": 0.9358919262886047,
      "success_rate": 0.8799999952316284,
      "episode_length": 323.1199951171875,
      "repeat_visit_ratio": 0.11991167068481445,
      "accessible_block_count": 5.0029520988464355,
      "total_accessible_unknown_area": 476.8295593261719,
      "total_frontier_cluster_count": 11.01910400390625,
      "mean_block_area": 121.70137786865234,
      "local_frontier_coverage": 0.026626862585544586,
      "local_frontier_block_area_mean": 0.39553672075271606,
      "value_total_block_count_before_cap": 5.0029520988464355,
      "value_packed_block_count": 5.0029520988464355,
      "value_truncated_block_count": 0.0,
      "value_block_cap_hit_flag": 0.0,
      "value_total_entry_count_before_cap": 11.01910400390625,
      "value_packed_entry_count": 10.931842803955078,
      "value_truncated_entry_count": 0.08725941926240921,
      "value_entry_cap_hit_block_count": 0.04782572761178017,
      "value_entry_cap_hit_flag": 0.04782572761178017,
      "value_max_frontier_clusters_per_block": 4.949751853942871,
      "value_mean_frontier_clusters_per_block": 2.5255303382873535,
      "info_reward_sum": 148.03758239746094,
      "step_penalty_sum": -6.462399959564209,
      "recent_revisit_penalty_sum": -1.7950001955032349,
      "turn_penalty_sum": -2.0411667823791504,
      "timeout_penalty_sum": -0.9599999785423279,
      "terminal_bonus_sum": 17.600000381469727,
      "delta_empty_sum": 1434.3499755859375,
      "delta_obstacle_sum": 329.44000244140625,
      "empty_info_gain_sum": 45.65677261352539,
      "obstacle_info_gain_sum": 10.486401557922363,
      "weighted_obstacle_info_gain_sum": 2.097280263900757,
      "weighted_info_gain_sum": 47.754058837890625,
      "empty_info_reward_sum": 141.53602600097656,
      "obstacle_info_reward_sum": 6.501568794250488,
      "obstacle_info_contribution_ratio": 0.04389898478984833,
      "recent_revisit_trigger_count": 17.950000762939453,
      "stall_trigger_count": 122.30000305175781,
      "zero_info_step_count": 165.9600067138672,
      "turn_ge_90_count": 81.51000213623047,
      "turn_135_count": 14.100000381469727,
      "turn_180_count": 13.430000305175781,
      "turn_penalty_weight_sum": 40.82332992553711,
      "timeout_flag": 0.11999999731779099,
      "coverage_gain_per_step": null,
      "weighted_info_gain_per_step": null,
      "zero_info_rate": null,
      "recent_revisit_rate": null,
      "stall_rate": null,
      "turn_burden_rate": null,
      "timeout_rate": null
    }
  }
}
