{
  "method_id": "E",
  "group": "E",
  "display_name": "no_semantic_dual_state_split",
  "status": "ok",
  "checkpoint_path": "C:\\Users\\Dk\\Desktop\\SCI\\DRL_PF\\checkpoint_store\\ablations\\E_ablation_no_semantic_dual_state_split.pt",
  "config_snapshot_path": "C:\\Users\\Dk\\Desktop\\SCI\\DRL_PF\\experiment_records\\ablations\\E_ablation_no_semantic_dual_state_split\\logs\\config_snapshot.json",
  "episodes": 100,
  "seed_base": 20261323,
  "checkpoint_metadata": {
    "env_steps": 500000,
    "learn_steps": 30750,
    "train_episode_idx": 1002
  },
  "method_loading": {
    "model_factory": "NoSemanticDualStateSplitQNetwork",
    "state_adapter_factory": "StateTensorAdapter"
  },
  "summary": {
    "episodes": 100,
    "metrics": {
      "reward": 103.40259552001953,
      "coverage": 0.8656721711158752,
      "success_rate": 0.5299999713897705,
      "episode_length": 469.9800109863281,
      "repeat_visit_ratio": 0.3972635269165039,
      "accessible_block_count": 5.489926338195801,
      "total_accessible_unknown_area": 477.4616394042969,
      "total_frontier_cluster_count": 11.717077255249023,
      "mean_block_area": 109.10881042480469,
      "local_frontier_coverage": 0.027964938431978226,
      "local_frontier_block_area_mean": 0.4005933701992035,
      "value_total_block_count_before_cap": 5.489926338195801,
      "value_packed_block_count": 5.489926338195801,
      "value_truncated_block_count": 0.0,
      "value_block_cap_hit_flag": 0.0,
      "value_total_entry_count_before_cap": 11.717077255249023,
      "value_packed_entry_count": 11.660906791687012,
      "value_truncated_entry_count": 0.05617222189903259,
      "value_entry_cap_hit_block_count": 0.034499723464250565,
      "value_entry_cap_hit_flag": 0.034499723464250565,
      "value_max_frontier_clusters_per_block": 4.7727789878845215,
      "value_mean_frontier_clusters_per_block": 2.4244003295898438,
      "info_reward_sum": 135.9815216064453,
      "step_penalty_sum": -9.3996000289917,
      "recent_revisit_penalty_sum": -19.35700035095215,
      "turn_penalty_sum": -10.662335395812988,
      "timeout_penalty_sum": -3.759999990463257,
      "terminal_bonus_sum": 10.600000381469727,
      "delta_empty_sum": 1319.8399658203125,
      "delta_obstacle_sum": 291.1000061035156,
      "empty_info_gain_sum": 42.011817932128906,
      "obstacle_info_gain_sum": 9.266000747680664,
      "weighted_obstacle_info_gain_sum": 1.8532001972198486,
      "weighted_info_gain_sum": 43.86500930786133,
      "empty_info_reward_sum": 130.2366180419922,
      "obstacle_info_reward_sum": 5.74492073059082,
      "obstacle_info_contribution_ratio": 0.04205142334103584,
      "recent_revisit_trigger_count": 193.57000732421875,
      "stall_trigger_count": 239.64999389648438,
      "zero_info_step_count": 308.05999755859375,
      "turn_ge_90_count": 267.17999267578125,
      "turn_135_count": 37.97999954223633,
      "turn_180_count": 167.2899932861328,
      "turn_penalty_weight_sum": 213.2466583251953,
      "timeout_flag": 0.4699999988079071,
      "coverage_gain_per_step": null,
      "weighted_info_gain_per_step": null,
      "zero_info_rate": null,
      "recent_revisit_rate": null,
      "stall_rate": null,
      "turn_burden_rate": null,
      "timeout_rate": null
    }
  }
}
