{
  "method_id": "R4",
  "group": "R",
  "display_name": "no_timeout_penalty",
  "status": "ok",
  "checkpoint_path": "C:\\Users\\Dk\\Desktop\\SCI\\DRL_PF\\checkpoint_store\\ablations\\R4_ablation_no_timeout_penalty.pt",
  "config_snapshot_path": "C:\\Users\\Dk\\Desktop\\SCI\\DRL_PF\\experiment_records\\ablations\\R4_ablation_no_timeout_penalty\\logs\\config_snapshot.json",
  "episodes": 100,
  "seed_base": 20261323,
  "checkpoint_metadata": {
    "env_steps": 500000,
    "learn_steps": 30750,
    "train_episode_idx": 1097
  },
  "method_loading": {
    "model_factory": "ExplorationQNetwork",
    "state_adapter_factory": "StateTensorAdapter"
  },
  "summary": {
    "episodes": 100,
    "metrics": {
      "reward": 149.23086547851562,
      "coverage": 0.9284160733222961,
      "success_rate": 0.8100000023841858,
      "episode_length": 345.1499938964844,
      "repeat_visit_ratio": 0.17262285947799683,
      "accessible_block_count": 5.450921058654785,
      "total_accessible_unknown_area": 460.9884033203125,
      "total_frontier_cluster_count": 11.430014610290527,
      "mean_block_area": 106.91932678222656,
      "local_frontier_coverage": 0.024899400770664215,
      "local_frontier_block_area_mean": 0.356552392244339,
      "value_total_block_count_before_cap": 5.450921058654785,
      "value_packed_block_count": 5.450921058654785,
      "value_truncated_block_count": 0.0,
      "value_block_cap_hit_flag": 0.0,
      "value_total_entry_count_before_cap": 11.430014610290527,
      "value_packed_entry_count": 11.346400260925293,
      "value_truncated_entry_count": 0.08361340314149857,
      "value_entry_cap_hit_block_count": 0.042891230434179306,
      "value_entry_cap_hit_flag": 0.042891230434179306,
      "value_max_frontier_clusters_per_block": 4.643495559692383,
      "value_mean_frontier_clusters_per_block": 2.377450942993164,
      "info_reward_sum": 146.84637451171875,
      "step_penalty_sum": -6.903000354766846,
      "recent_revisit_penalty_sum": -4.063000679016113,
      "turn_penalty_sum": -2.8495001792907715,
      "timeout_penalty_sum": 0.0,
      "terminal_bonus_sum": 16.200000762939453,
      "delta_empty_sum": 1423.260009765625,
      "delta_obstacle_sum": 324.5299987792969,
      "empty_info_gain_sum": 45.303768157958984,
      "obstacle_info_gain_sum": 10.330111503601074,
      "weighted_obstacle_info_gain_sum": 2.0660221576690674,
      "weighted_info_gain_sum": 47.36979675292969,
      "empty_info_reward_sum": 140.44168090820312,
      "obstacle_info_reward_sum": 6.404669761657715,
      "obstacle_info_contribution_ratio": 0.043566856533288956,
      "recent_revisit_trigger_count": 40.630001068115234,
      "stall_trigger_count": 151.35000610351562,
      "zero_info_step_count": 192.27000427246094,
      "turn_ge_90_count": 94.27999877929688,
      "turn_135_count": 13.069999694824219,
      "turn_180_count": 31.809999465942383,
      "turn_penalty_weight_sum": 56.9900016784668,
      "timeout_flag": 0.1899999976158142,
      "coverage_gain_per_step": null,
      "weighted_info_gain_per_step": null,
      "zero_info_rate": null,
      "recent_revisit_rate": null,
      "stall_rate": null,
      "turn_burden_rate": null,
      "timeout_rate": null
    }
  }
}
