{
  "method_id": "D",
  "group": "D",
  "display_name": "no_value_tree",
  "status": "ok",
  "checkpoint_path": "C:\\Users\\Dk\\Desktop\\SCI\\DRL_PF\\checkpoint_store\\ablations\\D_ablation_no_value_tree.pt",
  "config_snapshot_path": "C:\\Users\\Dk\\Desktop\\SCI\\DRL_PF\\experiment_records\\ablations\\D_ablation_no_value_tree\\logs\\config_snapshot.json",
  "episodes": 100,
  "seed_base": 20261323,
  "checkpoint_metadata": {
    "env_steps": 500000,
    "learn_steps": 30750,
    "train_episode_idx": 1151
  },
  "method_loading": {
    "model_factory": "ExplorationQNetwork",
    "state_adapter_factory": "AblationStateTensorAdapter(value_replacement_strategy=zero_value_state)"
  },
  "summary": {
    "episodes": 100,
    "metrics": {
      "reward": 133.6678466796875,
      "coverage": 0.9056189656257629,
      "success_rate": 0.7300000190734863,
      "episode_length": 377.8999938964844,
      "repeat_visit_ratio": 0.2594691514968872,
      "accessible_block_count": 5.541120529174805,
      "total_accessible_unknown_area": 462.3007507324219,
      "total_frontier_cluster_count": 11.206951141357422,
      "mean_block_area": 106.20916748046875,
      "local_frontier_coverage": 0.02353023923933506,
      "local_frontier_block_area_mean": 0.3412192165851593,
      "value_total_block_count_before_cap": 5.541120529174805,
      "value_packed_block_count": 5.540257453918457,
      "value_truncated_block_count": 0.0008620689623057842,
      "value_block_cap_hit_flag": 0.0007389162201434374,
      "value_total_entry_count_before_cap": 11.206951141357422,
      "value_packed_entry_count": 11.139626502990723,
      "value_truncated_entry_count": 0.06732349842786789,
      "value_entry_cap_hit_block_count": 0.03509734570980072,
      "value_entry_cap_hit_flag": 0.03509734570980072,
      "value_max_frontier_clusters_per_block": 4.474348545074463,
      "value_mean_frontier_clusters_per_block": 2.2827751636505127,
      "info_reward_sum": 142.6808624267578,
      "step_penalty_sum": -7.558000564575195,
      "recent_revisit_penalty_sum": -8.85300064086914,
      "turn_penalty_sum": -5.0420002937316895,
      "timeout_penalty_sum": -2.1600000858306885,
      "terminal_bonus_sum": 14.600000381469727,
      "delta_empty_sum": 1382.8699951171875,
      "delta_obstacle_sum": 315.4100036621094,
      "empty_info_gain_sum": 44.01811981201172,
      "obstacle_info_gain_sum": 10.039811134338379,
      "weighted_obstacle_info_gain_sum": 2.007962226867676,
      "weighted_info_gain_sum": 46.02607727050781,
      "empty_info_reward_sum": 136.45616149902344,
      "obstacle_info_reward_sum": 6.22468376159668,
      "obstacle_info_contribution_ratio": 0.043504878878593445,
      "recent_revisit_trigger_count": 88.52999877929688,
      "stall_trigger_count": 194.52999877929688,
      "zero_info_step_count": 234.42999267578125,
      "turn_ge_90_count": 133.67999267578125,
      "turn_135_count": 10.239999771118164,
      "turn_180_count": 79.30000305175781,
      "turn_penalty_weight_sum": 100.8399887084961,
      "timeout_flag": 0.27000001072883606,
      "coverage_gain_per_step": null,
      "weighted_info_gain_per_step": null,
      "zero_info_rate": null,
      "recent_revisit_rate": null,
      "stall_rate": null,
      "turn_burden_rate": null,
      "timeout_rate": null
    }
  }
}
