{
  "method_id": "F4",
  "group": "F",
  "display_name": "no_visit_traj_channels",
  "status": "ok",
  "checkpoint_path": "C:\\Users\\Dk\\Desktop\\SCI\\DRL_PF\\checkpoint_store\\ablations\\F4_ablation_no_visit_traj_channels.pt",
  "config_snapshot_path": "C:\\Users\\Dk\\Desktop\\SCI\\DRL_PF\\experiment_records\\ablations\\F4_ablation_no_visit_traj_channels\\logs\\config_snapshot.json",
  "episodes": 100,
  "seed_base": 20261323,
  "checkpoint_metadata": {
    "env_steps": 500000,
    "learn_steps": 30750,
    "train_episode_idx": 847
  },
  "method_loading": {
    "model_factory": "ExplorationQNetwork",
    "state_adapter_factory": "AblationStateTensorAdapter(zeroed_channels=['visit_count_log_norm', 'recent_trajectory_decay'])"
  },
  "summary": {
    "episodes": 100,
    "metrics": {
      "reward": -27.856616973876953,
      "coverage": 0.5005500316619873,
      "success_rate": 0.009999999776482582,
      "episode_length": 595.47998046875,
      "repeat_visit_ratio": 0.8878868222236633,
      "accessible_block_count": 4.159821510314941,
      "total_accessible_unknown_area": 447.64178466796875,
      "total_frontier_cluster_count": 10.571098327636719,
      "mean_block_area": 133.4989013671875,
      "local_frontier_coverage": 0.02877124957740307,
      "local_frontier_block_area_mean": 0.5014801621437073,
      "value_total_block_count_before_cap": 4.159821510314941,
      "value_packed_block_count": 4.159821510314941,
      "value_truncated_block_count": 0.0,
      "value_block_cap_hit_flag": 0.0,
      "value_total_entry_count_before_cap": 10.571098327636719,
      "value_packed_entry_count": 10.390912055969238,
      "value_truncated_entry_count": 0.18018783628940582,
      "value_entry_cap_hit_block_count": 0.09863603860139847,
      "value_entry_cap_hit_flag": 0.09863603860139847,
      "value_max_frontier_clusters_per_block": 5.449656963348389,
      "value_mean_frontier_clusters_per_block": 2.9343044757843018,
      "info_reward_sum": 70.95598602294922,
      "step_penalty_sum": -11.909599304199219,
      "recent_revisit_penalty_sum": -53.356998443603516,
      "turn_penalty_sum": -25.825998306274414,
      "timeout_penalty_sum": -7.920000076293945,
      "terminal_bonus_sum": 0.20000000298023224,
      "delta_empty_sum": 692.5599975585938,
      "delta_obstacle_sum": 132.60000610351562,
      "empty_info_gain_sum": 22.04486846923828,
      "obstacle_info_gain_sum": 4.220788955688477,
      "weighted_obstacle_info_gain_sum": 0.8441578149795532,
      "weighted_info_gain_sum": 22.889028549194336,
      "empty_info_reward_sum": 68.33910369873047,
      "obstacle_info_reward_sum": 2.616889715194702,
      "obstacle_info_contribution_ratio": 0.036555517464876175,
      "recent_revisit_trigger_count": 533.5700073242188,
      "stall_trigger_count": 527.760009765625,
      "zero_info_step_count": 535.9000244140625,
      "turn_ge_90_count": 542.469970703125,
      "turn_135_count": 28.59000015258789,
      "turn_180_count": 489.25,
      "turn_penalty_weight_sum": 516.5199584960938,
      "timeout_flag": 0.9900000095367432,
      "coverage_gain_per_step": null,
      "weighted_info_gain_per_step": null,
      "zero_info_rate": null,
      "recent_revisit_rate": null,
      "stall_rate": null,
      "turn_burden_rate": null,
      "timeout_rate": null
    }
  }
}
