source,seed_base,success_rate,coverage,reward,episode_length,repeat_visit_ratio,timeout_rate,timeout_flag
A_train_recent_from_metric_snapshot,,0.8799999952,0.9401469231,155.0739746,335.7000122,0.1480057389,0.1199999973,
A_official_final_probe_seed_20261323,20261323,0.7900000214576721,0.9232640266418457,145.88092041015625,358.69000244140625,0.16313129663467407,,0.20999999344348907
A_train_seed_greedy_probe_20259323,20259323,0.7900000214576721,0.9200140237808228,145.43789672851562,344.70001220703125,0.1777966320514679,,0.20999999344348907
