{
  "method_id": "A",
  "group": "A",
  "display_name": "full_method_main",
  "status": "ok",
  "checkpoint_path": "C:\\Users\\Dk\\Desktop\\SCI\\DRL_PF\\checkpoint_store\\full_method_main\\A_full_method.pt",
  "config_snapshot_path": "C:\\Users\\Dk\\Desktop\\SCI\\DRL_PF\\experiment_records\\full_method_main\\logs\\config_snapshot.json",
  "episodes": 100,
  "seed_base": 20261323,
  "checkpoint_metadata": {
    "env_steps": 500000,
    "learn_steps": 30750,
    "train_episode_idx": 1127
  },
  "method_loading": {
    "model_factory": "ExplorationQNetwork",
    "state_adapter_factory": "StateTensorAdapter"
  },
  "summary": {
    "episodes": 100,
    "metrics": {
      "reward": 145.88092041015625,
      "coverage": 0.9232640266418457,
      "success_rate": 0.7900000214576721,
      "episode_length": 358.69000244140625,
      "repeat_visit_ratio": 0.16313129663467407,
      "accessible_block_count": 5.105197906494141,
      "total_accessible_unknown_area": 444.10662841796875,
      "total_frontier_cluster_count": 10.428899765014648,
      "mean_block_area": 112.05248260498047,
      "local_frontier_coverage": 0.02554544061422348,
      "local_frontier_block_area_mean": 0.3668578863143921,
      "value_total_block_count_before_cap": 5.105197906494141,
      "value_packed_block_count": 5.105197906494141,
      "value_truncated_block_count": 0.0,
      "value_block_cap_hit_flag": 0.0,
      "value_total_entry_count_before_cap": 10.428899765014648,
      "value_packed_entry_count": 10.340065956115723,
      "value_truncated_entry_count": 0.08883240818977356,
      "value_entry_cap_hit_block_count": 0.0356193371117115,
      "value_entry_cap_hit_flag": 0.0356193371117115,
      "value_max_frontier_clusters_per_block": 4.310462474822998,
      "value_mean_frontier_clusters_per_block": 2.3800790309906006,
      "info_reward_sum": 145.78855895996094,
      "step_penalty_sum": -7.17379903793335,
      "recent_revisit_penalty_sum": -3.929999589920044,
      "turn_penalty_sum": -2.9238333702087402,
      "timeout_penalty_sum": -1.6799999475479126,
      "terminal_bonus_sum": 15.800000190734863,
      "delta_empty_sum": 1412.6800537109375,
      "delta_obstacle_sum": 323.8299865722656,
      "empty_info_gain_sum": 44.96699523925781,
      "obstacle_info_gain_sum": 10.307827949523926,
      "weighted_obstacle_info_gain_sum": 2.06156587600708,
      "weighted_info_gain_sum": 47.028564453125,
      "empty_info_reward_sum": 139.397705078125,
      "obstacle_info_reward_sum": 6.390854358673096,
      "obstacle_info_contribution_ratio": 0.0437808521091938,
      "recent_revisit_trigger_count": 39.29999923706055,
      "stall_trigger_count": 162.7899932861328,
      "zero_info_step_count": 206.77999877929688,
      "turn_ge_90_count": 95.81999969482422,
      "turn_135_count": 14.449999809265137,
      "turn_180_count": 32.58000183105469,
      "turn_penalty_weight_sum": 58.47666549682617,
      "timeout_flag": 0.20999999344348907,
      "coverage_gain_per_step": null,
      "weighted_info_gain_per_step": null,
      "zero_info_rate": null,
      "recent_revisit_rate": null,
      "stall_rate": null,
      "turn_burden_rate": null,
      "timeout_rate": null
    }
  }
}
