{
  "method_id": "F5",
  "group": "F",
  "display_name": "occupancy_only_canvas",
  "status": "ok",
  "checkpoint_path": "C:\\Users\\Dk\\Desktop\\SCI\\DRL_PF\\checkpoint_store\\ablations\\F5_ablation_occupancy_only_canvas.pt",
  "config_snapshot_path": "C:\\Users\\Dk\\Desktop\\SCI\\DRL_PF\\experiment_records\\ablations\\F5_ablation_occupancy_only_canvas\\logs\\config_snapshot.json",
  "episodes": 100,
  "seed_base": 20261323,
  "checkpoint_metadata": {
    "env_steps": 500000,
    "learn_steps": 30750,
    "train_episode_idx": 845
  },
  "method_loading": {
    "model_factory": "ExplorationQNetwork",
    "state_adapter_factory": "AblationStateTensorAdapter(zeroed_channels=['frontier_block_area_map', 'visit_count_log_norm', 'recent_trajectory_decay'])"
  },
  "summary": {
    "episodes": 100,
    "metrics": {
      "reward": -10.29286003112793,
      "coverage": 0.5734829902648926,
      "success_rate": 0.029999999329447746,
      "episode_length": 585.6099853515625,
      "repeat_visit_ratio": 0.8577704429626465,
      "accessible_block_count": 4.603898048400879,
      "total_accessible_unknown_area": 475.4554748535156,
      "total_frontier_cluster_count": 10.76306438446045,
      "mean_block_area": 130.5615692138672,
      "local_frontier_coverage": 0.02019849605858326,
      "local_frontier_block_area_mean": 0.44118252396583557,
      "value_total_block_count_before_cap": 4.603898048400879,
      "value_packed_block_count": 4.603898048400879,
      "value_truncated_block_count": 0.0,
      "value_block_cap_hit_flag": 0.0,
      "value_total_entry_count_before_cap": 10.76306438446045,
      "value_packed_entry_count": 10.684398651123047,
      "value_truncated_entry_count": 0.07866621762514114,
      "value_entry_cap_hit_block_count": 0.04670422151684761,
      "value_entry_cap_hit_flag": 0.04670422151684761,
      "value_max_frontier_clusters_per_block": 5.01571798324585,
      "value_mean_frontier_clusters_per_block": 2.6568193435668945,
      "info_reward_sum": 84.28317260742188,
      "step_penalty_sum": -11.712200164794922,
      "recent_revisit_penalty_sum": -51.54399871826172,
      "turn_penalty_sum": -24.159833908081055,
      "timeout_penalty_sum": -7.760000228881836,
      "terminal_bonus_sum": 0.6000000238418579,
      "delta_empty_sum": 822.3099975585938,
      "delta_obstacle_sum": 159.14999389648438,
      "empty_info_gain_sum": 26.174936294555664,
      "obstacle_info_gain_sum": 5.065901756286621,
      "weighted_obstacle_info_gain_sum": 1.0131802558898926,
      "weighted_info_gain_sum": 27.188119888305664,
      "empty_info_reward_sum": 81.1423110961914,
      "obstacle_info_reward_sum": 3.1408591270446777,
      "obstacle_info_contribution_ratio": 0.03787064924836159,
      "recent_revisit_trigger_count": 515.4400024414062,
      "stall_trigger_count": 510.20001220703125,
      "zero_info_step_count": 518.719970703125,
      "turn_ge_90_count": 518.6900024414062,
      "turn_135_count": 46.720001220703125,
      "turn_180_count": 442.0899963378906,
      "turn_penalty_weight_sum": 483.1966552734375,
      "timeout_flag": 0.9700000286102295,
      "coverage_gain_per_step": null,
      "weighted_info_gain_per_step": null,
      "zero_info_rate": null,
      "recent_revisit_rate": null,
      "stall_rate": null,
      "turn_burden_rate": null,
      "timeout_rate": null
    }
  }
}
