{
  "method_id": "R5",
  "group": "R",
  "display_name": "no_efficiency_penalties",
  "status": "ok",
  "checkpoint_path": "C:\\Users\\Dk\\Desktop\\SCI\\DRL_PF\\checkpoint_store\\ablations\\R5_ablation_no_efficiency_penalties.pt",
  "config_snapshot_path": "C:\\Users\\Dk\\Desktop\\SCI\\DRL_PF\\experiment_records\\ablations\\R5_ablation_no_efficiency_penalties\\logs\\config_snapshot.json",
  "episodes": 100,
  "seed_base": 20261323,
  "checkpoint_metadata": {
    "env_steps": 500000,
    "learn_steps": 30750,
    "train_episode_idx": 1049
  },
  "method_loading": {
    "model_factory": "ExplorationQNetwork",
    "state_adapter_factory": "StateTensorAdapter"
  },
  "summary": {
    "episodes": 100,
    "metrics": {
      "reward": 142.10511779785156,
      "coverage": 0.8549139499664307,
      "success_rate": 0.4000000059604645,
      "episode_length": 458.6600036621094,
      "repeat_visit_ratio": 0.3967536985874176,
      "accessible_block_count": 5.434406280517578,
      "total_accessible_unknown_area": 471.1802978515625,
      "total_frontier_cluster_count": 11.136821746826172,
      "mean_block_area": 112.98194122314453,
      "local_frontier_coverage": 0.021029029041528702,
      "local_frontier_block_area_mean": 0.3156055510044098,
      "value_total_block_count_before_cap": 5.434406280517578,
      "value_packed_block_count": 5.434406280517578,
      "value_truncated_block_count": 0.0,
      "value_block_cap_hit_flag": 0.0,
      "value_total_entry_count_before_cap": 11.136821746826172,
      "value_packed_entry_count": 11.073543548583984,
      "value_truncated_entry_count": 0.06327714771032333,
      "value_entry_cap_hit_block_count": 0.031096575781702995,
      "value_entry_cap_hit_flag": 0.031096575781702995,
      "value_max_frontier_clusters_per_block": 4.479177951812744,
      "value_mean_frontier_clusters_per_block": 2.3670313358306885,
      "info_reward_sum": 134.10511779785156,
      "step_penalty_sum": 0.0,
      "recent_revisit_penalty_sum": 0.0,
      "turn_penalty_sum": 0.0,
      "timeout_penalty_sum": 0.0,
      "terminal_bonus_sum": 8.0,
      "delta_empty_sum": 1301.3399658203125,
      "delta_obstacle_sum": 288.5199890136719,
      "empty_info_gain_sum": 41.422943115234375,
      "obstacle_info_gain_sum": 9.183876037597656,
      "weighted_obstacle_info_gain_sum": 1.836775302886963,
      "weighted_info_gain_sum": 43.25971221923828,
      "empty_info_reward_sum": 128.41111755371094,
      "obstacle_info_reward_sum": 5.694003105163574,
      "obstacle_info_contribution_ratio": 0.042458415031433105,
      "recent_revisit_trigger_count": 110.25,
      "stall_trigger_count": 286.989990234375,
      "zero_info_step_count": 322.6700134277344,
      "turn_ge_90_count": 204.38999938964844,
      "turn_135_count": 49.279998779296875,
      "turn_180_count": 73.73999786376953,
      "turn_penalty_weight_sum": 133.7166748046875,
      "timeout_flag": 0.6000000238418579,
      "coverage_gain_per_step": null,
      "weighted_info_gain_per_step": null,
      "zero_info_rate": null,
      "recent_revisit_rate": null,
      "stall_rate": null,
      "turn_burden_rate": null,
      "timeout_rate": null
    }
  }
}
