{
  "method_id": "F2",
  "group": "F",
  "display_name": "no_visit_count_channel",
  "status": "ok",
  "checkpoint_path": "C:\\Users\\Dk\\Desktop\\SCI\\DRL_PF\\checkpoint_store\\ablations\\F2_ablation_no_visit_count_channel.pt",
  "config_snapshot_path": "C:\\Users\\Dk\\Desktop\\SCI\\DRL_PF\\experiment_records\\ablations\\F2_ablation_no_visit_count_channel\\logs\\config_snapshot.json",
  "episodes": 100,
  "seed_base": 20261323,
  "checkpoint_metadata": {
    "env_steps": 500000,
    "learn_steps": 30750,
    "train_episode_idx": 1070
  },
  "method_loading": {
    "model_factory": "ExplorationQNetwork",
    "state_adapter_factory": "AblationStateTensorAdapter(zeroed_channels=['visit_count_log_norm'])"
  },
  "summary": {
    "episodes": 100,
    "metrics": {
      "reward": 114.75878143310547,
      "coverage": 0.8607730865478516,
      "success_rate": 0.3799999952316284,
      "episode_length": 458.79998779296875,
      "repeat_visit_ratio": 0.44849491119384766,
      "accessible_block_count": 5.618824481964111,
      "total_accessible_unknown_area": 468.0741882324219,
      "total_frontier_cluster_count": 11.278685569763184,
      "mean_block_area": 105.30116271972656,
      "local_frontier_coverage": 0.022549210116267204,
      "local_frontier_block_area_mean": 0.3435220718383789,
      "value_total_block_count_before_cap": 5.618824481964111,
      "value_packed_block_count": 5.618824481964111,
      "value_truncated_block_count": 0.0,
      "value_block_cap_hit_flag": 0.0,
      "value_total_entry_count_before_cap": 11.278685569763184,
      "value_packed_entry_count": 11.20394515991211,
      "value_truncated_entry_count": 0.07473916560411453,
      "value_entry_cap_hit_block_count": 0.03889618068933487,
      "value_entry_cap_hit_flag": 0.03889618068933487,
      "value_max_frontier_clusters_per_block": 4.449521064758301,
      "value_mean_frontier_clusters_per_block": 2.257871150970459,
      "info_reward_sum": 135.28843688964844,
      "step_penalty_sum": -9.175999641418457,
      "recent_revisit_penalty_sum": -8.715999603271484,
      "turn_penalty_sum": -5.277667045593262,
      "timeout_penalty_sum": -4.960000038146973,
      "terminal_bonus_sum": 7.599999904632568,
      "delta_empty_sum": 1313.3499755859375,
      "delta_obstacle_sum": 288.42999267578125,
      "empty_info_gain_sum": 41.80522537231445,
      "obstacle_info_gain_sum": 9.181012153625488,
      "weighted_obstacle_info_gain_sum": 1.8362025022506714,
      "weighted_info_gain_sum": 43.64142990112305,
      "empty_info_reward_sum": 129.59620666503906,
      "obstacle_info_reward_sum": 5.692227840423584,
      "obstacle_info_contribution_ratio": 0.04185013473033905,
      "recent_revisit_trigger_count": 87.16000366210938,
      "stall_trigger_count": 296.05999755859375,
      "zero_info_step_count": 323.57000732421875,
      "turn_ge_90_count": 178.3699951171875,
      "turn_135_count": 35.150001525878906,
      "turn_180_count": 51.56999969482422,
      "turn_penalty_weight_sum": 105.55333709716797,
      "timeout_flag": 0.6200000047683716,
      "coverage_gain_per_step": null,
      "weighted_info_gain_per_step": null,
      "zero_info_rate": null,
      "recent_revisit_rate": null,
      "stall_rate": null,
      "turn_burden_rate": null,
      "timeout_rate": null
    }
  }
}
