{
  "method_id": "R3",
  "group": "R",
  "display_name": "no_turn_penalty",
  "status": "ok",
  "checkpoint_path": "C:\\Users\\Dk\\Desktop\\SCI\\DRL_PF\\checkpoint_store\\ablations\\R3_ablation_no_turn_penalty.pt",
  "config_snapshot_path": "C:\\Users\\Dk\\Desktop\\SCI\\DRL_PF\\experiment_records\\ablations\\R3_ablation_no_turn_penalty\\logs\\config_snapshot.json",
  "episodes": 100,
  "seed_base": 20261323,
  "checkpoint_metadata": {
    "env_steps": 500000,
    "learn_steps": 30750,
    "train_episode_idx": 1084
  },
  "method_loading": {
    "model_factory": "ExplorationQNetwork",
    "state_adapter_factory": "StateTensorAdapter"
  },
  "summary": {
    "episodes": 100,
    "metrics": {
      "reward": 153.74266052246094,
      "coverage": 0.9408921003341675,
      "success_rate": 0.8100000023841858,
      "episode_length": 348.4100036621094,
      "repeat_visit_ratio": 0.16438323259353638,
      "accessible_block_count": 5.307538032531738,
      "total_accessible_unknown_area": 451.1556701660156,
      "total_frontier_cluster_count": 10.747712135314941,
      "mean_block_area": 107.75174713134766,
      "local_frontier_coverage": 0.025279179215431213,
      "local_frontier_block_area_mean": 0.3927070200443268,
      "value_total_block_count_before_cap": 5.307538032531738,
      "value_packed_block_count": 5.307538032531738,
      "value_truncated_block_count": 0.0,
      "value_block_cap_hit_flag": 0.0,
      "value_total_entry_count_before_cap": 10.747712135314941,
      "value_packed_entry_count": 10.6834135055542,
      "value_truncated_entry_count": 0.06429948657751083,
      "value_entry_cap_hit_block_count": 0.04023120552301407,
      "value_entry_cap_hit_flag": 0.04023120552301407,
      "value_max_frontier_clusters_per_block": 4.541637897491455,
      "value_mean_frontier_clusters_per_block": 2.336437940597534,
      "info_reward_sum": 149.04486083984375,
      "step_penalty_sum": -6.96820068359375,
      "recent_revisit_penalty_sum": -3.0139999389648438,
      "turn_penalty_sum": 0.0,
      "timeout_penalty_sum": -1.5199999809265137,
      "terminal_bonus_sum": 16.200000762939453,
      "delta_empty_sum": 1444.27001953125,
      "delta_obstacle_sum": 330.8800048828125,
      "empty_info_gain_sum": 45.9725456237793,
      "obstacle_info_gain_sum": 10.532238006591797,
      "weighted_obstacle_info_gain_sum": 2.106447458267212,
      "weighted_info_gain_sum": 48.07899475097656,
      "empty_info_reward_sum": 142.51487731933594,
      "obstacle_info_reward_sum": 6.529987812042236,
      "obstacle_info_contribution_ratio": 0.04378962889313698,
      "recent_revisit_trigger_count": 30.139999389648438,
      "stall_trigger_count": 150.19000244140625,
      "zero_info_step_count": 191.6699981689453,
      "turn_ge_90_count": 96.55999755859375,
      "turn_135_count": 18.639999389648438,
      "turn_180_count": 21.90999984741211,
      "turn_penalty_weight_sum": 53.00666809082031,
      "timeout_flag": 0.1899999976158142,
      "coverage_gain_per_step": null,
      "weighted_info_gain_per_step": null,
      "zero_info_rate": null,
      "recent_revisit_rate": null,
      "stall_rate": null,
      "turn_burden_rate": null,
      "timeout_rate": null
    }
  }
}
