{
  "method_id": "R1",
  "group": "R",
  "display_name": "no_step_penalty",
  "status": "ok",
  "checkpoint_path": "C:\\Users\\Dk\\Desktop\\SCI\\DRL_PF\\checkpoint_store\\ablations\\R1_ablation_no_step_penalty.pt",
  "config_snapshot_path": "C:\\Users\\Dk\\Desktop\\SCI\\DRL_PF\\experiment_records\\ablations\\R1_ablation_no_step_penalty\\logs\\config_snapshot.json",
  "episodes": 100,
  "seed_base": 20261323,
  "checkpoint_metadata": {
    "env_steps": 500000,
    "learn_steps": 30750,
    "train_episode_idx": 1110
  },
  "method_loading": {
    "model_factory": "ExplorationQNetwork",
    "state_adapter_factory": "StateTensorAdapter"
  },
  "summary": {
    "episodes": 100,
    "metrics": {
      "reward": 157.7388153076172,
      "coverage": 0.9378129839897156,
      "success_rate": 0.8299999833106995,
      "episode_length": 343.9599914550781,
      "repeat_visit_ratio": 0.15497036278247833,
      "accessible_block_count": 5.231192111968994,
      "total_accessible_unknown_area": 439.4548034667969,
      "total_frontier_cluster_count": 10.563302040100098,
      "mean_block_area": 103.28076171875,
      "local_frontier_coverage": 0.02525748498737812,
      "local_frontier_block_area_mean": 0.38009533286094666,
      "value_total_block_count_before_cap": 5.231192111968994,
      "value_packed_block_count": 5.231192111968994,
      "value_truncated_block_count": 0.0,
      "value_block_cap_hit_flag": 0.0,
      "value_total_entry_count_before_cap": 10.563302040100098,
      "value_packed_entry_count": 10.513511657714844,
      "value_truncated_entry_count": 0.049789972603321075,
      "value_entry_cap_hit_block_count": 0.026143042370676994,
      "value_entry_cap_hit_flag": 0.026143042370676994,
      "value_max_frontier_clusters_per_block": 4.319360256195068,
      "value_mean_frontier_clusters_per_block": 2.2700424194335938,
      "info_reward_sum": 148.42063903808594,
      "step_penalty_sum": 0.0,
      "recent_revisit_penalty_sum": -3.313999891281128,
      "turn_penalty_sum": -2.60783314704895,
      "timeout_penalty_sum": -1.3600000143051147,
      "terminal_bonus_sum": 16.600000381469727,
      "delta_empty_sum": 1438.050048828125,
      "delta_obstacle_sum": 330.3500061035156,
      "empty_info_gain_sum": 45.77455520629883,
      "obstacle_info_gain_sum": 10.51536750793457,
      "weighted_obstacle_info_gain_sum": 2.1030733585357666,
      "weighted_info_gain_sum": 47.87763214111328,
      "empty_info_reward_sum": 141.90113830566406,
      "obstacle_info_reward_sum": 6.519528388977051,
      "obstacle_info_contribution_ratio": 0.0439462810754776,
      "recent_revisit_trigger_count": 33.13999938964844,
      "stall_trigger_count": 146.0500030517578,
      "zero_info_step_count": 189.1199951171875,
      "turn_ge_90_count": 89.68000030517578,
      "turn_135_count": 11.529999732971191,
      "turn_180_count": 27.6299991607666,
      "turn_penalty_weight_sum": 52.15666580200195,
      "timeout_flag": 0.17000000178813934,
      "coverage_gain_per_step": null,
      "weighted_info_gain_per_step": null,
      "zero_info_rate": null,
      "recent_revisit_rate": null,
      "stall_rate": null,
      "turn_burden_rate": null,
      "timeout_rate": null
    }
  }
}
