{
  "method_id": "F3",
  "group": "F",
  "display_name": "no_recent_trajectory_channel",
  "status": "ok",
  "checkpoint_path": "C:\\Users\\Dk\\Desktop\\SCI\\DRL_PF\\checkpoint_store\\ablations\\F3_ablation_no_recent_trajectory_channel.pt",
  "config_snapshot_path": "C:\\Users\\Dk\\Desktop\\SCI\\DRL_PF\\experiment_records\\ablations\\F3_ablation_no_recent_trajectory_channel\\logs\\config_snapshot.json",
  "episodes": 100,
  "seed_base": 20261323,
  "checkpoint_metadata": {
    "env_steps": 500000,
    "learn_steps": 30750,
    "train_episode_idx": 1011
  },
  "method_loading": {
    "model_factory": "ExplorationQNetwork",
    "state_adapter_factory": "AblationStateTensorAdapter(zeroed_channels=['recent_trajectory_decay'])"
  },
  "summary": {
    "episodes": 100,
    "metrics": {
      "reward": 120.5788345336914,
      "coverage": 0.8938100337982178,
      "success_rate": 0.6499999761581421,
      "episode_length": 401.1499938964844,
      "repeat_visit_ratio": 0.34161022305488586,
      "accessible_block_count": 5.591657638549805,
      "total_accessible_unknown_area": 454.6662902832031,
      "total_frontier_cluster_count": 11.235054016113281,
      "mean_block_area": 103.47113037109375,
      "local_frontier_coverage": 0.024909088388085365,
      "local_frontier_block_area_mean": 0.39934685826301575,
      "value_total_block_count_before_cap": 5.591657638549805,
      "value_packed_block_count": 5.591657638549805,
      "value_truncated_block_count": 0.0,
      "value_block_cap_hit_flag": 0.0,
      "value_total_entry_count_before_cap": 11.235054016113281,
      "value_packed_entry_count": 11.171891212463379,
      "value_truncated_entry_count": 0.06316182762384415,
      "value_entry_cap_hit_block_count": 0.04428838565945625,
      "value_entry_cap_hit_flag": 0.04428838565945625,
      "value_max_frontier_clusters_per_block": 4.407853603363037,
      "value_mean_frontier_clusters_per_block": 2.316549301147461,
      "info_reward_sum": 140.9431610107422,
      "step_penalty_sum": -8.023000717163086,
      "recent_revisit_penalty_sum": -14.59000015258789,
      "turn_penalty_sum": -7.951333522796631,
      "timeout_penalty_sum": -2.799999952316284,
      "terminal_bonus_sum": 13.0,
      "delta_empty_sum": 1367.010009765625,
      "delta_obstacle_sum": 306.6600036621094,
      "empty_info_gain_sum": 43.513282775878906,
      "obstacle_info_gain_sum": 9.761290550231934,
      "weighted_obstacle_info_gain_sum": 1.9522581100463867,
      "weighted_info_gain_sum": 45.465538024902344,
      "empty_info_reward_sum": 134.89117431640625,
      "obstacle_info_reward_sum": 6.051999568939209,
      "obstacle_info_contribution_ratio": 0.04274503141641617,
      "recent_revisit_trigger_count": 145.89999389648438,
      "stall_trigger_count": 213.00999450683594,
      "zero_info_step_count": 259.7099914550781,
      "turn_ge_90_count": 204.69000244140625,
      "turn_135_count": 25.469999313354492,
      "turn_180_count": 123.45999908447266,
      "turn_penalty_weight_sum": 159.0266571044922,
      "timeout_flag": 0.3499999940395355,
      "coverage_gain_per_step": null,
      "weighted_info_gain_per_step": null,
      "zero_info_rate": null,
      "recent_revisit_rate": null,
      "stall_rate": null,
      "turn_burden_rate": null,
      "timeout_rate": null
    }
  }
}
