{
  "method_id": "R2",
  "group": "R",
  "display_name": "no_revisit_penalty",
  "status": "ok",
  "checkpoint_path": "C:\\Users\\Dk\\Desktop\\SCI\\DRL_PF\\checkpoint_store\\ablations\\R2_ablation_no_revisit_penalty.pt",
  "config_snapshot_path": "C:\\Users\\Dk\\Desktop\\SCI\\DRL_PF\\experiment_records\\ablations\\R2_ablation_no_revisit_penalty\\logs\\config_snapshot.json",
  "episodes": 100,
  "seed_base": 20261323,
  "checkpoint_metadata": {
    "env_steps": 500000,
    "learn_steps": 30750,
    "train_episode_idx": 1073
  },
  "method_loading": {
    "model_factory": "ExplorationQNetwork",
    "state_adapter_factory": "StateTensorAdapter"
  },
  "summary": {
    "episodes": 100,
    "metrics": {
      "reward": 156.20553588867188,
      "coverage": 0.9443219900131226,
      "success_rate": 0.8500000238418579,
      "episode_length": 336.7200012207031,
      "repeat_visit_ratio": 0.1370473951101303,
      "accessible_block_count": 5.064624309539795,
      "total_accessible_unknown_area": 453.0632019042969,
      "total_frontier_cluster_count": 10.413992881774902,
      "mean_block_area": 111.45185852050781,
      "local_frontier_coverage": 0.02638746052980423,
      "local_frontier_block_area_mean": 0.40528666973114014,
      "value_total_block_count_before_cap": 5.064624309539795,
      "value_packed_block_count": 5.064624309539795,
      "value_truncated_block_count": 0.0,
      "value_block_cap_hit_flag": 0.0,
      "value_total_entry_count_before_cap": 10.413992881774902,
      "value_packed_entry_count": 10.338478088378906,
      "value_truncated_entry_count": 0.0755145251750946,
      "value_entry_cap_hit_block_count": 0.033775340765714645,
      "value_entry_cap_hit_flag": 0.033775340765714645,
      "value_max_frontier_clusters_per_block": 4.429078578948975,
      "value_mean_frontier_clusters_per_block": 2.36421799659729,
      "info_reward_sum": 149.51792907714844,
      "step_penalty_sum": -6.734400749206543,
      "recent_revisit_penalty_sum": 0.0,
      "turn_penalty_sum": -2.377999782562256,
      "timeout_penalty_sum": -1.2000000476837158,
      "terminal_bonus_sum": 17.0,
      "delta_empty_sum": 1448.3699951171875,
      "delta_obstacle_sum": 334.3500061035156,
      "empty_info_gain_sum": 46.10304641723633,
      "obstacle_info_gain_sum": 10.642691612243652,
      "weighted_obstacle_info_gain_sum": 2.128538131713867,
      "weighted_info_gain_sum": 48.23158645629883,
      "empty_info_reward_sum": 142.91944885253906,
      "obstacle_info_reward_sum": 6.598467826843262,
      "obstacle_info_contribution_ratio": 0.0441398061811924,
      "recent_revisit_trigger_count": 21.940000534057617,
      "stall_trigger_count": 131.5,
      "zero_info_step_count": 173.74000549316406,
      "turn_ge_90_count": 94.41999816894531,
      "turn_135_count": 18.780000686645508,
      "turn_180_count": 14.739999771118164,
      "turn_penalty_weight_sum": 47.560001373291016,
      "timeout_flag": 0.15000000596046448,
      "coverage_gain_per_step": null,
      "weighted_info_gain_per_step": null,
      "zero_info_rate": null,
      "recent_revisit_rate": null,
      "stall_rate": null,
      "turn_burden_rate": null,
      "timeout_rate": null
    }
  }
}
