{
  "method_id": "A",
  "group": "A",
  "display_name": "full_method_main",
  "status": "ok",
  "checkpoint_path": "C:\\Users\\Dk\\Desktop\\SCI\\DRL_PF\\checkpoint_store\\full_method_main\\A_full_method.pt",
  "config_snapshot_path": "C:\\Users\\Dk\\Desktop\\SCI\\DRL_PF\\experiment_records\\full_method_main\\logs\\config_snapshot.json",
  "episodes": 100,
  "seed_base": 20259323,
  "episode_seed_rule": "seed_base + zero_based_episode_index",
  "policy": "greedy",
  "checkpoint_metadata": {
    "env_steps": 500000,
    "learn_steps": 30750,
    "train_episode_idx": 1127
  },
  "method_loading": {
    "model_factory": "ExplorationQNetwork",
    "state_adapter_factory": "StateTensorAdapter"
  },
  "summary": {
    "episodes": 100,
    "metrics": {
      "reward": 145.43789672851562,
      "coverage": 0.9200140237808228,
      "success_rate": 0.7900000214576721,
      "episode_length": 344.70001220703125,
      "repeat_visit_ratio": 0.1777966320514679,
      "accessible_block_count": 5.161210536956787,
      "total_accessible_unknown_area": 446.0439453125,
      "total_frontier_cluster_count": 10.585402488708496,
      "mean_block_area": 110.2542495727539,
      "local_frontier_coverage": 0.027423713356256485,
      "local_frontier_block_area_mean": 0.43106693029403687,
      "value_total_block_count_before_cap": 5.161210536956787,
      "value_packed_block_count": 5.161210536956787,
      "value_truncated_block_count": 0.0,
      "value_block_cap_hit_flag": 0.0,
      "value_total_entry_count_before_cap": 10.585402488708496,
      "value_packed_entry_count": 10.51778793334961,
      "value_truncated_entry_count": 0.06761503219604492,
      "value_entry_cap_hit_block_count": 0.03591141477227211,
      "value_entry_cap_hit_flag": 0.03591141477227211,
      "value_max_frontier_clusters_per_block": 4.552801132202148,
      "value_mean_frontier_clusters_per_block": 2.380836248397827,
      "info_reward_sum": 146.0103759765625,
      "step_penalty_sum": -6.8939995765686035,
      "recent_revisit_penalty_sum": -4.590999603271484,
      "turn_penalty_sum": -3.2074997425079346,
      "timeout_penalty_sum": -1.6799999475479126,
      "terminal_bonus_sum": 15.800000190734863,
      "delta_empty_sum": 1413.949951171875,
      "delta_obstacle_sum": 328.7200012207031,
      "empty_info_gain_sum": 45.00742721557617,
      "obstacle_info_gain_sum": 10.463481903076172,
      "weighted_obstacle_info_gain_sum": 2.0926966667175293,
      "weighted_info_gain_sum": 47.100128173828125,
      "empty_info_reward_sum": 139.52301025390625,
      "obstacle_info_reward_sum": 6.487359046936035,
      "obstacle_info_contribution_ratio": 0.044380225241184235,
      "recent_revisit_trigger_count": 45.90999984741211,
      "stall_trigger_count": 153.05999755859375,
      "zero_info_step_count": 193.14999389648438,
      "turn_ge_90_count": 100.70999908447266,
      "turn_135_count": 15.0600004196167,
      "turn_180_count": 38.34000015258789,
      "turn_penalty_weight_sum": 64.1500015258789,
      "timeout_flag": 0.20999999344348907,
      "coverage_gain_per_step": null,
      "weighted_info_gain_per_step": null,
      "zero_info_rate": null,
      "recent_revisit_rate": null,
      "stall_rate": null,
      "turn_burden_rate": null,
      "timeout_rate": null
    }
  }
}
